id,comment
uxecmu,
3g3shm,
2wfc7n,
9wg3xu,General about tech
u4jnle,
bt7xtl,
obckyy,
xy2sue,
z0ou7u,
710im7,Article: Confirms ageism
miseiq,Article: Unsure about ageism
t2wwsw,
u3s723,Biased toward ageism
x2delf,
r1lzo1,Region: singapore
d4vvyq,Region: india
nqsnex,Region: india
s03tk5,
pg9rkv,
100pus4,Region: germany
nrfmcj,
yxox0r,
j63ghg,Men specifically
cppn6x,Women specifically
opj5it,Men specifically
zhg5jq,
6rm8px,
z9t0dj,Translate: germany
ka879h,
8grppp,
z5d0qn,
jei6co,
mk62ou,
o6d481,
vtnw00,
81wrry,
9480cg,
vsgy6c,
5aei2a,
bag38p,
2to0lp,
ko9vzh,
ka2lpr,
sl5u7g,
87swl7,Article: IBM
j3rm81,Article: Confirms ageism
2auwwu,Article: Disproves ageism
i0lyse,
o92fic,
tsuvzr,
cs0c5c,
2qziqd,
jhlcjh,
thxfrs,
snufyd,
xbp5da,
hhuzjz,
kj8f8y,Region: ireland
mp591s,Region: india
96947s,
y0dwld,Region: finland
1ylzdy,
rz33qw,
dyons6,
dsvkyo,
dsw8b6,
53od3t,
yy1n29,
zae90h,
zkei0f,
srq7im,
1083i15,Region: australia
xppjak,
z93nuu,Article: SpaceX
zaes3w,Article: SpaceX
z8u1sk,Article: SpaceX
z94w2p,Article: SpaceX
zaglwr,Article: SpaceX
w3vggz,Not all developers
104us0o,Region: india
yj13z7,
q587ao,
ul6dm0,
zffvj0,
520iy8,
2ralsq,
vj9cel,
aox55q,
do2cd3,
nebo9c,Region: india
r9mog3,Region: india
jhl8uc,Region: silicon valley
t8n20t,
r21f5b,
ff17d9,
wk1957,
uf10ns,
bv69mt,
t26xj0,
s0nygq,
xmsklw,
is0qyw,
g0fmjw,
b5g7ph,
mljctd,
tx6xwy,
si8a8u,
l0umvv,
2jrw5e,
33vik1,
81f0d0,
m4jt40,
hyoub4,
1vrh3s,
kjhc3v,
t6cbmn,
wfakcg,
1zxvay,
qgifoz,
