Number,Keyword,Title,Score,Comments,URL,Domain,Permalink,ID,Subreddit,CreatedDate
1,'Software developer ageism',Do DevOps suffer less ageism as compared to software developers?,82,65,https://www.reddit.com/r/cscareerquestions/comments/uxecmu/do_devops_suffer_less_ageism_as_compared_to/,self.cscareerquestions,/r/cscareerquestions/comments/uxecmu/do_devops_suffer_less_ageism_as_compared_to/,uxecmu,cscareerquestions,05-25-2022
2,'Software developer ageism',Is ageism less of a thing in web development if you're a freelancer?,33,34,https://www.reddit.com/r/cscareerquestions/comments/z0ou7u/is_ageism_less_of_a_thing_in_web_development_if/,self.cscareerquestions,/r/cscareerquestions/comments/z0ou7u/is_ageism_less_of_a_thing_in_web_development_if/,z0ou7u,cscareerquestions,11-21-2022
3,'Software developer ageism',Does anyone else prefer the term Software Developer over Software Engineer?,274,284,https://www.reddit.com/r/cscareerquestions/comments/yq41nl/does_anyone_else_prefer_the_term_software/,self.cscareerquestions,/r/cscareerquestions/comments/yq41nl/does_anyone_else_prefer_the_term_software/,yq41nl,cscareerquestions,11-09-2022
4,'Software developer ageism',"How can I, as a fledgling software developer, have some *actual* positive impact through my work",125,85,https://www.reddit.com/r/cscareerquestions/comments/yswfef/how_can_i_as_a_fledgling_software_developer_have/,self.cscareerquestions,/r/cscareerquestions/comments/yswfef/how_can_i_as_a_fledgling_software_developer_have/,yswfef,cscareerquestions,11-12-2022
5,'Software developer ageism',Have any of you moved from US to Europe as a software developer? How was your experience?,25,22,https://www.reddit.com/r/cscareerquestions/comments/z7k1kj/have_any_of_you_moved_from_us_to_europe_as_a/,self.cscareerquestions,/r/cscareerquestions/comments/z7k1kj/have_any_of_you_moved_from_us_to_europe_as_a/,z7k1kj,cscareerquestions,11-29-2022
6,'Software developer ageism',"I’m curious, is there anybody out there who hasn’t had to touch LC at all in their career as a Software Engineer/Developer?",254,180,https://www.reddit.com/r/cscareerquestions/comments/xr8181/im_curious_is_there_anybody_out_there_who_hasnt/,self.cscareerquestions,/r/cscareerquestions/comments/xr8181/im_curious_is_there_anybody_out_there_who_hasnt/,xr8181,cscareerquestions,09-29-2022
7,'Software developer ageism',I'm a ghost at my first software developer entry job...,386,117,https://www.reddit.com/r/cscareerquestions/comments/xt6yid/im_a_ghost_at_my_first_software_developer_entry/,self.cscareerquestions,/r/cscareerquestions/comments/xt6yid/im_a_ghost_at_my_first_software_developer_entry/,xt6yid,cscareerquestions,10-01-2022
8,'Software developer ageism',What do I need to be able to do as a software developer?,18,17,https://www.reddit.com/r/cscareerquestions/comments/z13hb9/what_do_i_need_to_be_able_to_do_as_a_software/,self.cscareerquestions,/r/cscareerquestions/comments/z13hb9/what_do_i_need_to_be_able_to_do_as_a_software/,z13hb9,cscareerquestions,11-21-2022
9,'Software developer ageism',What software/tools should every developer have on their work desktop?,9,53,https://www.reddit.com/r/cscareerquestions/comments/yj3ivj/what_softwaretools_should_every_developer_have_on/,self.cscareerquestions,/r/cscareerquestions/comments/yj3ivj/what_softwaretools_should_every_developer_have_on/,yj3ivj,cscareerquestions,11-01-2022
10,'Software developer ageism',Does Software Development really require relearning new languages every few years? Ageism?,7,14,https://www.reddit.com/r/cscareerquestions/comments/v0z0d/does_software_development_really_require/,self.cscareerquestions,/r/cscareerquestions/comments/v0z0d/does_software_development_really_require/,v0z0d,cscareerquestions,06-14-2012
11,'Software developer ageism',What title ranks better on LinkedIn? Software Developer or Software Engineer>,0,22,https://www.reddit.com/r/cscareerquestions/comments/z0l26q/what_title_ranks_better_on_linkedin_software/,self.cscareerquestions,/r/cscareerquestions/comments/z0l26q/what_title_ranks_better_on_linkedin_software/,z0l26q,cscareerquestions,11-21-2022
12,'Software developer ageism',"Fired again due to poor performance, now what? Alternative career paths for bad software developers",442,241,https://www.reddit.com/r/cscareerquestions/comments/yeihid/fired_again_due_to_poor_performance_now_what/,self.cscareerquestions,/r/cscareerquestions/comments/yeihid/fired_again_due_to_poor_performance_now_what/,yeihid,cscareerquestions,10-27-2022
13,'Software developer ageism',Good at LC but bad at software development l,229,62,https://www.reddit.com/r/cscareerquestions/comments/z0gnes/good_at_lc_but_bad_at_software_development_l/,self.cscareerquestions,/r/cscareerquestions/comments/z0gnes/good_at_lc_but_bad_at_software_development_l/,z0gnes,cscareerquestions,11-20-2022
14,'Software developer ageism',Is it normal for a new software developer to work 50+ hours a week in the beginning?,96,59,https://www.reddit.com/r/cscareerquestions/comments/xmyyam/is_it_normal_for_a_new_software_developer_to_work/,self.cscareerquestions,/r/cscareerquestions/comments/xmyyam/is_it_normal_for_a_new_software_developer_to_work/,xmyyam,cscareerquestions,09-24-2022
15,'Software developer ageism',Is 5 digits salary per month possible for senior software developer?,0,23,https://www.reddit.com/r/cscareerquestions/comments/yvph7m/is_5_digits_salary_per_month_possible_for_senior/,self.cscareerquestions,/r/cscareerquestions/comments/yvph7m/is_5_digits_salary_per_month_possible_for_senior/,yvph7m,cscareerquestions,11-15-2022
16,'Software developer ageism',Help! I am an incompetent software developer and I want to change.,6,3,https://www.reddit.com/r/cscareerquestions/comments/z8nzed/help_i_am_an_incompetent_software_developer_and_i/,self.cscareerquestions,/r/cscareerquestions/comments/z8nzed/help_i_am_an_incompetent_software_developer_and_i/,z8nzed,cscareerquestions,11-30-2022
17,'Software developer ageism',Should I walk away from software development?,659,212,https://www.reddit.com/r/cscareerquestions/comments/yb0z01/should_i_walk_away_from_software_development/,self.cscareerquestions,/r/cscareerquestions/comments/yb0z01/should_i_walk_away_from_software_development/,yb0z01,cscareerquestions,10-22-2022
18,'Software developer ageism',Few days into my first software development job (remote) haven't been told to do anything except read documentation and setup my machine,871,274,https://www.reddit.com/r/cscareerquestions/comments/y2zwkt/few_days_into_my_first_software_development_job/,self.cscareerquestions,/r/cscareerquestions/comments/y2zwkt/few_days_into_my_first_software_development_job/,y2zwkt,cscareerquestions,10-13-2022
19,'Software developer ageism',"Is Software Developer the new ""doctor"" in terms of most coveted, coolest job and work remote + WLB?",0,67,https://www.reddit.com/r/cscareerquestions/comments/y7rr4q/is_software_developer_the_new_doctor_in_terms_of/,self.cscareerquestions,/r/cscareerquestions/comments/y7rr4q/is_software_developer_the_new_doctor_in_terms_of/,y7rr4q,cscareerquestions,10-19-2022
20,'Software developer ageism',I am feeling unmotivated. Self teaching myself to become a software developer,1,39,https://www.reddit.com/r/cscareerquestions/comments/ybrrmh/i_am_feeling_unmotivated_self_teaching_myself_to/,self.cscareerquestions,/r/cscareerquestions/comments/ybrrmh/i_am_feeling_unmotivated_self_teaching_myself_to/,ybrrmh,cscareerquestions,10-23-2022
21,'Software developer ageism',software engineer/developer jobs over saturated?,37,115,https://www.reddit.com/r/cscareerquestions/comments/wwhvty/software_engineerdeveloper_jobs_over_saturated/,self.cscareerquestions,/r/cscareerquestions/comments/wwhvty/software_engineerdeveloper_jobs_over_saturated/,wwhvty,cscareerquestions,08-24-2022
22,'Software developer ageism',I need tips on looking for part time software developer position,3,1,https://www.reddit.com/r/cscareerquestions/comments/z94cs1/i_need_tips_on_looking_for_part_time_software/,self.cscareerquestions,/r/cscareerquestions/comments/z94cs1/i_need_tips_on_looking_for_part_time_software/,z94cs1,cscareerquestions,11-30-2022
23,'Software developer ageism',How much SQL should I know before applying as a software developer?,33,31,https://www.reddit.com/r/cscareerquestions/comments/xhee8u/how_much_sql_should_i_know_before_applying_as_a/,self.cscareerquestions,/r/cscareerquestions/comments/xhee8u/how_much_sql_should_i_know_before_applying_as_a/,xhee8u,cscareerquestions,09-18-2022
24,'Software developer ageism',Do you really have to always be learning in order to have a career as a software developer?,92,80,https://www.reddit.com/r/cscareerquestions/comments/wo7dvy/do_you_really_have_to_always_be_learning_in_order/,self.cscareerquestions,/r/cscareerquestions/comments/wo7dvy/do_you_really_have_to_always_be_learning_in_order/,wo7dvy,cscareerquestions,08-14-2022
25,'Software developer ageism',Who's a great modern software developer role model?,2,5,https://www.reddit.com/r/cscareerquestions/comments/youhax/whos_a_great_modern_software_developer_role_model/,self.cscareerquestions,/r/cscareerquestions/comments/youhax/whos_a_great_modern_software_developer_role_model/,youhax,cscareerquestions,11-07-2022
26,'Software developer ageism',What are things you like about your career in software development that differ from most jobs?,9,22,https://www.reddit.com/r/cscareerquestions/comments/z5os4w/what_are_things_you_like_about_your_career_in/,self.cscareerquestions,/r/cscareerquestions/comments/z5os4w/what_are_things_you_like_about_your_career_in/,z5os4w,cscareerquestions,11-27-2022
27,'Software developer ageism',"Software Engineer, Software Developer, DBA, ML Engineer",0,1,https://www.reddit.com/r/cscareerquestions/comments/yybkz4/software_engineer_software_developer_dba_ml/,self.cscareerquestions,/r/cscareerquestions/comments/yybkz4/software_engineer_software_developer_dba_ml/,yybkz4,cscareerquestions,11-18-2022
28,'Software developer ageism',Software Development Manager or Principal Developer?,11,11,https://www.reddit.com/r/cscareerquestions/comments/xvg6bz/software_development_manager_or_principal/,self.cscareerquestions,/r/cscareerquestions/comments/xvg6bz/software_development_manager_or_principal/,xvg6bz,cscareerquestions,10-04-2022
29,'Software developer ageism',"If you weren’t a software developer, but still in tech, what job do you think you’d like / want to do?",174,190,https://www.reddit.com/r/cscareerquestions/comments/vqxdu2/if_you_werent_a_software_developer_but_still_in/,self.cscareerquestions,/r/cscareerquestions/comments/vqxdu2/if_you_werent_a_software_developer_but_still_in/,vqxdu2,cscareerquestions,07-04-2022
30,'Software developer ageism',Taking the FE Exam as a software developer,1,2,https://www.reddit.com/r/cscareerquestions/comments/ywzc4h/taking_the_fe_exam_as_a_software_developer/,self.cscareerquestions,/r/cscareerquestions/comments/ywzc4h/taking_the_fe_exam_as_a_software_developer/,ywzc4h,cscareerquestions,11-16-2022
31,'Software developer ageism',Is being a CRM manager a good start to being a software developer/engineer?,3,6,https://www.reddit.com/r/cscareerquestions/comments/y82chq/is_being_a_crm_manager_a_good_start_to_being_a/,self.cscareerquestions,/r/cscareerquestions/comments/y82chq/is_being_a_crm_manager_a_good_start_to_being_a/,y82chq,cscareerquestions,10-19-2022
32,'Software developer ageism',How many of you transitioned to an entry level software engineering/web developer position at age 27 or above?,645,609,https://www.reddit.com/r/cscareerquestions/comments/uldrxx/how_many_of_you_transitioned_to_an_entry_level/,self.cscareerquestions,/r/cscareerquestions/comments/uldrxx/how_many_of_you_transitioned_to_an_entry_level/,uldrxx,cscareerquestions,05-08-2022
33,'Software developer ageism',"I got a job as a software developer, and I start tomorrow",0,18,https://www.reddit.com/r/cscareerquestions/comments/y03t2y/i_got_a_job_as_a_software_developer_and_i_start/,self.cscareerquestions,/r/cscareerquestions/comments/y03t2y/i_got_a_job_as_a_software_developer_and_i_start/,y03t2y,cscareerquestions,10-10-2022
34,'Software developer ageism',Application support to software developer,1,5,https://www.reddit.com/r/cscareerquestions/comments/yh3pkz/application_support_to_software_developer/,self.cscareerquestions,/r/cscareerquestions/comments/yh3pkz/application_support_to_software_developer/,yh3pkz,cscareerquestions,10-30-2022
35,'Software developer ageism',Will a college degree help me in my career as a software developer?,0,4,https://www.reddit.com/r/cscareerquestions/comments/yhju61/will_a_college_degree_help_me_in_my_career_as_a/,self.cscareerquestions,/r/cscareerquestions/comments/yhju61/will_a_college_degree_help_me_in_my_career_as_a/,yhju61,cscareerquestions,10-30-2022
36,'Software developer ageism',Stay Conversation as a Software Developer/SysAdmin,2,8,https://www.reddit.com/r/cscareerquestions/comments/y2xboy/stay_conversation_as_a_software_developersysadmin/,self.cscareerquestions,/r/cscareerquestions/comments/y2xboy/stay_conversation_as_a_software_developersysadmin/,y2xboy,cscareerquestions,10-13-2022
37,'Software developer ageism',"I feel like I should have been a salesman, but now am a Software Developer....how should I consider combining the two?",2,10,https://www.reddit.com/r/cscareerquestions/comments/xtzhkx/i_feel_like_i_should_have_been_a_salesman_but_now/,self.cscareerquestions,/r/cscareerquestions/comments/xtzhkx/i_feel_like_i_should_have_been_a_salesman_but_now/,xtzhkx,cscareerquestions,10-02-2022
38,'Software developer ageism',Things I learned working as a Software Developer at a large consulting firm right out of college,22,9,https://www.reddit.com/r/cscareerquestions/comments/xgqu5i/things_i_learned_working_as_a_software_developer/,self.cscareerquestions,/r/cscareerquestions/comments/xgqu5i/things_i_learned_working_as_a_software_developer/,xgqu5i,cscareerquestions,09-17-2022
39,'Software developer ageism',The duty of a software developer,0,11,https://www.reddit.com/r/cscareerquestions/comments/y2i30a/the_duty_of_a_software_developer/,self.cscareerquestions,/r/cscareerquestions/comments/y2i30a/the_duty_of_a_software_developer/,y2i30a,cscareerquestions,10-12-2022
40,'Software developer ageism',"which area of computer science i.e. cloud, software developer etc. has mostly remote jobs?",0,10,https://www.reddit.com/r/cscareerquestions/comments/y0zo1b/which_area_of_computer_science_ie_cloud_software/,self.cscareerquestions,/r/cscareerquestions/comments/y0zo1b/which_area_of_computer_science_ie_cloud_software/,y0zo1b,cscareerquestions,10-11-2022
41,'Software developer ageism',"If you had to start all over, would you pursue software development or cybersecurity career pathway and why?",21,50,https://www.reddit.com/r/cscareerquestions/comments/ya34ah/if_you_had_to_start_all_over_would_you_pursue/,self.cscareerquestions,/r/cscareerquestions/comments/ya34ah/if_you_had_to_start_all_over_would_you_pursue/,ya34ah,cscareerquestions,10-21-2022
42,'Software developer ageism',1-2 y.o.e. Software Developer -> Technical Architect in little over a year: Is there such a thing as rising up the ranks too fast?,13,6,https://www.reddit.com/r/cscareerquestions/comments/xp122p/12_yoe_software_developer_technical_architect_in/,self.cscareerquestions,/r/cscareerquestions/comments/xp122p/12_yoe_software_developer_technical_architect_in/,xp122p,cscareerquestions,09-27-2022
43,'Software developer ageism',Is Junior Software Engineer better than Junior Software Developer?,0,25,https://www.reddit.com/r/cscareerquestions/comments/xjewkn/is_junior_software_engineer_better_than_junior/,self.cscareerquestions,/r/cscareerquestions/comments/xjewkn/is_junior_software_engineer_better_than_junior/,xjewkn,cscareerquestions,09-20-2022
44,'Software developer ageism',Salesforce Developer at Unicorn vs SWE at Midwestern Software Company,11,13,https://www.reddit.com/r/cscareerquestions/comments/xcpkx2/salesforce_developer_at_unicorn_vs_swe_at/,self.cscareerquestions,/r/cscareerquestions/comments/xcpkx2/salesforce_developer_at_unicorn_vs_swe_at/,xcpkx2,cscareerquestions,09-12-2022
45,'Software developer ageism',What types of software developers are still in high demand amidst the cooling job market?,0,11,https://www.reddit.com/r/cscareerquestions/comments/zatzn1/what_types_of_software_developers_are_still_in/,self.cscareerquestions,/r/cscareerquestions/comments/zatzn1/what_types_of_software_developers_are_still_in/,zatzn1,cscareerquestions,12-02-2022
46,'Software developer ageism',What do people who can't get a entry level software developer job do?,2,17,https://www.reddit.com/r/cscareerquestions/comments/xlmby0/what_do_people_who_cant_get_a_entry_level/,self.cscareerquestions,/r/cscareerquestions/comments/xlmby0/what_do_people_who_cant_get_a_entry_level/,xlmby0,cscareerquestions,09-23-2022
47,'Software developer ageism',As a 37 year old moving into software development - what should my focus(es) be for employability?,36,26,https://www.reddit.com/r/cscareerquestions/comments/ydabhw/as_a_37_year_old_moving_into_software_development/,self.cscareerquestions,/r/cscareerquestions/comments/ydabhw/as_a_37_year_old_moving_into_software_development/,ydabhw,cscareerquestions,10-25-2022
48,'Software developer ageism',Why do most software developers I know keep jumping jobs and are not more than 2 years at a place?,0,14,https://www.reddit.com/r/cscareerquestions/comments/z5t1sh/why_do_most_software_developers_i_know_keep/,self.cscareerquestions,/r/cscareerquestions/comments/z5t1sh/why_do_most_software_developers_i_know_keep/,z5t1sh,cscareerquestions,11-27-2022
49,'Software developer ageism',Most software developers applying to jobs right now are mediocre.,0,72,https://www.reddit.com/r/cscareerquestions/comments/yk8q3e/most_software_developers_applying_to_jobs_right/,self.cscareerquestions,/r/cscareerquestions/comments/yk8q3e/most_software_developers_applying_to_jobs_right/,yk8q3e,cscareerquestions,11-02-2022
50,'Software developer ageism',Help! Software Developer Salary expectation at MIT LL,2,6,https://www.reddit.com/r/cscareerquestions/comments/xt7kq0/help_software_developer_salary_expectation_at_mit/,self.cscareerquestions,/r/cscareerquestions/comments/xt7kq0/help_software_developer_salary_expectation_at_mit/,xt7kq0,cscareerquestions,10-01-2022
51,'Software developer ageism',"I'm a young, recently hired Software Developer that needs advice on proper work ethic.",8,14,https://www.reddit.com/r/cscareerquestions/comments/x1yunj/im_a_young_recently_hired_software_developer_that/,self.cscareerquestions,/r/cscareerquestions/comments/x1yunj/im_a_young_recently_hired_software_developer_that/,x1yunj,cscareerquestions,08-31-2022
52,'Software developer ageism',"Software Developers who are happy with their jobs, what is your current compensation and what would a headhunter have to offer you, so that you would take the risk and switch jobs?",133,270,https://www.reddit.com/r/cscareerquestions/comments/wwcu16/software_developers_who_are_happy_with_their_jobs/,self.cscareerquestions,/r/cscareerquestions/comments/wwcu16/software_developers_who_are_happy_with_their_jobs/,wwcu16,cscareerquestions,08-24-2022
53,'Software developer ageism',I lost my motivation for software development and can’t force myself to do anything,0,17,https://www.reddit.com/r/cscareerquestions/comments/ywrrhe/i_lost_my_motivation_for_software_development_and/,self.cscareerquestions,/r/cscareerquestions/comments/ywrrhe/i_lost_my_motivation_for_software_development_and/,ywrrhe,cscareerquestions,11-16-2022
54,'Software developer ageism',Is getting an IT internship a bad idea if I want to be software developer.,1,15,https://www.reddit.com/r/cscareerquestions/comments/x9hit6/is_getting_an_it_internship_a_bad_idea_if_i_want/,self.cscareerquestions,/r/cscareerquestions/comments/x9hit6/is_getting_an_it_internship_a_bad_idea_if_i_want/,x9hit6,cscareerquestions,09-09-2022
55,'Software developer ageism',Contractor software developer,3,1,https://www.reddit.com/r/cscareerquestions/comments/ydrx1i/contractor_software_developer/,self.cscareerquestions,/r/cscareerquestions/comments/ydrx1i/contractor_software_developer/,ydrx1i,cscareerquestions,10-26-2022
56,'Software developer ageism',Current SDET -> Software Developer Job Offer Dilemma,4,3,https://www.reddit.com/r/cscareerquestions/comments/xshvyd/current_sdet_software_developer_job_offer_dilemma/,self.cscareerquestions,/r/cscareerquestions/comments/xshvyd/current_sdet_software_developer_job_offer_dilemma/,xshvyd,cscareerquestions,10-01-2022
57,'Software developer ageism',Is Systems analyst and Software Developer the same?,5,2,https://www.reddit.com/r/cscareerquestions/comments/xq1hq7/is_systems_analyst_and_software_developer_the_same/,self.cscareerquestions,/r/cscareerquestions/comments/xq1hq7/is_systems_analyst_and_software_developer_the_same/,xq1hq7,cscareerquestions,09-28-2022
58,'Software developer ageism',Best software engineering/development podcast EPISODES?,4,2,https://www.reddit.com/r/cscareerquestions/comments/z8ungg/best_software_engineeringdevelopment_podcast/,self.cscareerquestions,/r/cscareerquestions/comments/z8ungg/best_software_engineeringdevelopment_podcast/,z8ungg,cscareerquestions,11-30-2022
59,'Software developer ageism',Is it Possible to Land a Software Developer Job with a Felony Conviction?,1,1,https://www.reddit.com/r/cscareerquestions/comments/yc3i86/is_it_possible_to_land_a_software_developer_job/,self.cscareerquestions,/r/cscareerquestions/comments/yc3i86/is_it_possible_to_land_a_software_developer_job/,yc3i86,cscareerquestions,10-24-2022
60,'Software developer ageism',Software Development to Data Analyst Role,1,3,https://www.reddit.com/r/cscareerquestions/comments/za8yut/software_development_to_data_analyst_role/,self.cscareerquestions,/r/cscareerquestions/comments/za8yut/software_development_to_data_analyst_role/,za8yut,cscareerquestions,12-02-2022
61,'Software developer ageism',Moving Beyond Senior Software Developer,17,22,https://www.reddit.com/r/cscareerquestions/comments/wb5aap/moving_beyond_senior_software_developer/,self.cscareerquestions,/r/cscareerquestions/comments/wb5aap/moving_beyond_senior_software_developer/,wb5aap,cscareerquestions,07-29-2022
62,'Software developer ageism',Need help transitioning from SAP Consultant role to Software Developer role,5,6,https://www.reddit.com/r/cscareerquestions/comments/xaw63f/need_help_transitioning_from_sap_consultant_role/,self.cscareerquestions,/r/cscareerquestions/comments/xaw63f/need_help_transitioning_from_sap_consultant_role/,xaw63f,cscareerquestions,09-10-2022
63,'Software developer ageism',Realistic Salary Expectations UK (London) based Graduated Developer/Software Engineer,3,5,https://www.reddit.com/r/cscareerquestions/comments/x9yxcl/realistic_salary_expectations_uk_london_based/,self.cscareerquestions,/r/cscareerquestions/comments/x9yxcl/realistic_salary_expectations_uk_london_based/,x9yxcl,cscareerquestions,09-09-2022
64,'Software developer ageism',I have a bachelor's degree in Information Systems and a decent amount of programming experience. Can I get an entry-level job doing software development?,0,9,https://www.reddit.com/r/cscareerquestions/comments/yx96gq/i_have_a_bachelors_degree_in_information_systems/,self.cscareerquestions,/r/cscareerquestions/comments/yx96gq/i_have_a_bachelors_degree_in_information_systems/,yx96gq,cscareerquestions,11-16-2022
65,'Software developer ageism',What are different technology stacks used for Simulation software development?,3,3,https://www.reddit.com/r/cscareerquestions/comments/z0dfxp/what_are_different_technology_stacks_used_for/,self.cscareerquestions,/r/cscareerquestions/comments/z0dfxp/what_are_different_technology_stacks_used_for/,z0dfxp,cscareerquestions,11-20-2022
66,'Software developer ageism',questions regarding software development & cs careers,0,2,https://www.reddit.com/r/cscareerquestions/comments/z8ydpt/questions_regarding_software_development_cs/,self.cscareerquestions,/r/cscareerquestions/comments/z8ydpt/questions_regarding_software_development_cs/,z8ydpt,cscareerquestions,11-30-2022
67,'Software developer ageism',Software developer in canada,15,35,https://www.reddit.com/r/cscareerquestions/comments/vvwatf/software_developer_in_canada/,self.cscareerquestions,/r/cscareerquestions/comments/vvwatf/software_developer_in_canada/,vvwatf,cscareerquestions,07-10-2022
68,'Software developer ageism',How common is testing for cannabis in software development roles?,1,16,https://www.reddit.com/r/cscareerquestions/comments/ylhdil/how_common_is_testing_for_cannabis_in_software/,self.cscareerquestions,/r/cscareerquestions/comments/ylhdil/how_common_is_testing_for_cannabis_in_software/,ylhdil,cscareerquestions,11-03-2022
69,'Software developer ageism',UX/UI or Software Engineering/Development?,0,7,https://www.reddit.com/r/cscareerquestions/comments/yxx2w5/uxui_or_software_engineeringdevelopment/,self.cscareerquestions,/r/cscareerquestions/comments/yxx2w5/uxui_or_software_engineeringdevelopment/,yxx2w5,cscareerquestions,11-17-2022
70,'Software developer ageism',Is it possible to transition from a non-technical role to a software developer within the same company?,0,2,https://www.reddit.com/r/cscareerquestions/comments/xus37d/is_it_possible_to_transition_from_a_nontechnical/,self.cscareerquestions,/r/cscareerquestions/comments/xus37d/is_it_possible_to_transition_from_a_nontechnical/,xus37d,cscareerquestions,10-03-2022
71,'Software developer ageism',People who made a career switch to software development from a different profession. What was your path & experience?,1,15,https://www.reddit.com/r/cscareerquestions/comments/yd03xk/people_who_made_a_career_switch_to_software/,self.cscareerquestions,/r/cscareerquestions/comments/yd03xk/people_who_made_a_career_switch_to_software/,yd03xk,cscareerquestions,10-25-2022
72,'Software developer ageism',What do you do as a software developer/engineer at your company?,3,4,https://www.reddit.com/r/cscareerquestions/comments/x9xix5/what_do_you_do_as_a_software_developerengineer_at/,self.cscareerquestions,/r/cscareerquestions/comments/x9xix5/what_do_you_do_as_a_software_developerengineer_at/,x9xix5,cscareerquestions,09-09-2022
73,'Software developer ageism',Get an A.S in Software Development?,4,4,https://www.reddit.com/r/cscareerquestions/comments/yssw1t/get_an_as_in_software_development/,self.cscareerquestions,/r/cscareerquestions/comments/yssw1t/get_an_as_in_software_development/,yssw1t,cscareerquestions,11-12-2022
74,'Software developer ageism',Is being naturally smart a requirement for being a great software developer?,8,25,https://www.reddit.com/r/cscareerquestions/comments/vzyyem/is_being_naturally_smart_a_requirement_for_being/,self.cscareerquestions,/r/cscareerquestions/comments/vzyyem/is_being_naturally_smart_a_requirement_for_being/,vzyyem,cscareerquestions,07-15-2022
75,'Software developer ageism',Any Computer Engineering grads working in software development?,0,9,https://www.reddit.com/r/cscareerquestions/comments/ypw8a5/any_computer_engineering_grads_working_in/,self.cscareerquestions,/r/cscareerquestions/comments/ypw8a5/any_computer_engineering_grads_working_in/,ypw8a5,cscareerquestions,11-08-2022
76,'Software developer ageism',[USA] Early career software engineer with math degree. Will this hurt my career development and opportunities?,6,4,https://www.reddit.com/r/cscareerquestions/comments/yo3pbt/usa_early_career_software_engineer_with_math/,self.cscareerquestions,/r/cscareerquestions/comments/yo3pbt/usa_early_career_software_engineer_with_math/,yo3pbt,cscareerquestions,11-06-2022
77,'Software developer ageism',Software Developer Career Path,16,11,https://www.reddit.com/r/cscareerquestions/comments/wb38w4/software_developer_career_path/,self.cscareerquestions,/r/cscareerquestions/comments/wb38w4/software_developer_career_path/,wb38w4,cscareerquestions,07-29-2022
78,'Software developer ageism',"Found a job as a software developer using old tech but recently got a better offer for a Business Analyst/ERP role, should I go for it?",2,8,https://www.reddit.com/r/cscareerquestions/comments/wzsxde/found_a_job_as_a_software_developer_using_old/,self.cscareerquestions,/r/cscareerquestions/comments/wzsxde/found_a_job_as_a_software_developer_using_old/,wzsxde,cscareerquestions,08-28-2022
79,'Software developer ageism',Is there such a thing as a software developer career coach to get you to the next level in your career?,7,20,https://www.reddit.com/r/cscareerquestions/comments/w41qhm/is_there_such_a_thing_as_a_software_developer/,self.cscareerquestions,/r/cscareerquestions/comments/w41qhm/is_there_such_a_thing_as_a_software_developer/,w41qhm,cscareerquestions,07-21-2022
80,'Software developer ageism',Who makes the software that web developers use?,6,11,https://www.reddit.com/r/cscareerquestions/comments/y7qz3l/who_makes_the_software_that_web_developers_use/,self.cscareerquestions,/r/cscareerquestions/comments/y7qz3l/who_makes_the_software_that_web_developers_use/,y7qz3l,cscareerquestions,10-19-2022
81,'Software developer ageism',Do I include my job in my work history that has a little bit of software development?,1,4,https://www.reddit.com/r/cscareerquestions/comments/yx3vyh/do_i_include_my_job_in_my_work_history_that_has_a/,self.cscareerquestions,/r/cscareerquestions/comments/yx3vyh/do_i_include_my_job_in_my_work_history_that_has_a/,yx3vyh,cscareerquestions,11-16-2022
82,'Software developer ageism',Would you say a degree is NEEDED to get ahead as a Software Development Engineer or would experience suffice?,2,5,https://www.reddit.com/r/cscareerquestions/comments/yp7kc6/would_you_say_a_degree_is_needed_to_get_ahead_as/,self.cscareerquestions,/r/cscareerquestions/comments/yp7kc6/would_you_say_a_degree_is_needed_to_get_ahead_as/,yp7kc6,cscareerquestions,11-08-2022
83,'Software developer ageism',Hi all! I'm trying to figure out a path to breaking into a Software Development role,1,2,https://www.reddit.com/r/cscareerquestions/comments/z2y831/hi_all_im_trying_to_figure_out_a_path_to_breaking/,self.cscareerquestions,/r/cscareerquestions/comments/z2y831/hi_all_im_trying_to_figure_out_a_path_to_breaking/,z2y831,cscareerquestions,11-23-2022
84,'Software developer ageism',What software development jobs damage your career?,70,74,https://www.reddit.com/r/cscareerquestions/comments/wpk5eo/what_software_development_jobs_damage_your_career/,self.cscareerquestions,/r/cscareerquestions/comments/wpk5eo/what_software_development_jobs_damage_your_career/,wpk5eo,cscareerquestions,08-16-2022
85,'Software developer ageism',When are the peak hiring times for software developer roles during the year?,3,2,https://www.reddit.com/r/cscareerquestions/comments/x87vil/when_are_the_peak_hiring_times_for_software/,self.cscareerquestions,/r/cscareerquestions/comments/x87vil/when_are_the_peak_hiring_times_for_software/,x87vil,cscareerquestions,09-07-2022
86,'Software developer ageism',"Medical doctor considering a career change into software development and related fields, looking for advice.",0,18,https://www.reddit.com/r/cscareerquestions/comments/y978mo/medical_doctor_considering_a_career_change_into/,self.cscareerquestions,/r/cscareerquestions/comments/y978mo/medical_doctor_considering_a_career_change_into/,y978mo,cscareerquestions,10-20-2022
87,'Software developer ageism',Is software development just not for me? Is it better to avoid technical roles?,16,23,https://www.reddit.com/r/cscareerquestions/comments/xjgrq7/is_software_development_just_not_for_me_is_it/,self.cscareerquestions,/r/cscareerquestions/comments/xjgrq7/is_software_development_just_not_for_me_is_it/,xjgrq7,cscareerquestions,09-20-2022
88,'Software developer ageism',Did anyone graduate with a degree related to GIS but are a software engineer/developer now?,1,1,https://www.reddit.com/r/cscareerquestions/comments/xsido8/did_anyone_graduate_with_a_degree_related_to_gis/,self.cscareerquestions,/r/cscareerquestions/comments/xsido8/did_anyone_graduate_with_a_degree_related_to_gis/,xsido8,cscareerquestions,10-01-2022
89,'Software developer ageism',What’s the difference between a junior software developer and mid-level developer? Where do I fit?,1,11,https://www.reddit.com/r/cscareerquestions/comments/woi6e5/whats_the_difference_between_a_junior_software/,self.cscareerquestions,/r/cscareerquestions/comments/woi6e5/whats_the_difference_between_a_junior_software/,woi6e5,cscareerquestions,08-14-2022
90,'Software developer ageism',Will freelance software development count towards work experience?,20,33,https://www.reddit.com/r/cscareerquestions/comments/xauqp9/will_freelance_software_development_count_towards/,self.cscareerquestions,/r/cscareerquestions/comments/xauqp9/will_freelance_software_development_count_towards/,xauqp9,cscareerquestions,09-10-2022
91,'Software developer ageism',"Today marks 2 years since I got hired for my first Software Developer job, but I'm still feeling inadequate for my role. What can I do to alleviate this?",11,2,https://www.reddit.com/r/cscareerquestions/comments/wqp16r/today_marks_2_years_since_i_got_hired_for_my/,self.cscareerquestions,/r/cscareerquestions/comments/wqp16r/today_marks_2_years_since_i_got_hired_for_my/,wqp16r,cscareerquestions,08-17-2022
92,'Software developer ageism',"As a web developer with zero commercial experience looking for his first job, should I also be applying for junior software developer jobs?",0,10,https://www.reddit.com/r/cscareerquestions/comments/wlmihx/as_a_web_developer_with_zero_commercial/,self.cscareerquestions,/r/cscareerquestions/comments/wlmihx/as_a_web_developer_with_zero_commercial/,wlmihx,cscareerquestions,08-11-2022
93,'Software developer ageism',As a web/full stack/mobile/game developer would you consider working in embedded software?,8,8,https://www.reddit.com/r/cscareerquestions/comments/waxd6m/as_a_webfull_stackmobilegame_developer_would_you/,self.cscareerquestions,/r/cscareerquestions/comments/waxd6m/as_a_webfull_stackmobilegame_developer_would_you/,waxd6m,cscareerquestions,07-29-2022
94,'Software developer ageism',What are ur hours as a regular software developer/engineer,4,11,https://www.reddit.com/r/cscareerquestions/comments/wcbxnv/what_are_ur_hours_as_a_regular_software/,self.cscareerquestions,/r/cscareerquestions/comments/wcbxnv/what_are_ur_hours_as_a_regular_software/,wcbxnv,cscareerquestions,07-31-2022
95,'Software developer ageism',How common is it to move from a Financial Software Developer role to a Quantitative Developer role?,5,6,https://www.reddit.com/r/cscareerquestions/comments/wji1lg/how_common_is_it_to_move_from_a_financial/,self.cscareerquestions,/r/cscareerquestions/comments/wji1lg/how_common_is_it_to_move_from_a_financial/,wji1lg,cscareerquestions,08-08-2022
96,'Software developer ageism',Switching to Software Development from Mechanical Engineering.,0,2,https://www.reddit.com/r/cscareerquestions/comments/ywobp2/switching_to_software_development_from_mechanical/,self.cscareerquestions,/r/cscareerquestions/comments/ywobp2/switching_to_software_development_from_mechanical/,ywobp2,cscareerquestions,11-16-2022
97,'Software developer ageism',I am a software developer who has decided he would rather be in cybersecurity what is the best way to get in this field?,5,2,https://www.reddit.com/r/cscareerquestions/comments/wwxh2n/i_am_a_software_developer_who_has_decided_he/,self.cscareerquestions,/r/cscareerquestions/comments/wwxh2n/i_am_a_software_developer_who_has_decided_he/,wwxh2n,cscareerquestions,08-24-2022
98,'Software developer ageism',IT helpdesk --> Software Development,4,10,https://www.reddit.com/r/cscareerquestions/comments/xz160d/it_helpdesk_software_development/,self.cscareerquestions,/r/cscareerquestions/comments/xz160d/it_helpdesk_software_development/,xz160d,cscareerquestions,10-08-2022
99,'Software developer ageism',Why do companies hire interns instead of a regular software developer?,0,18,https://www.reddit.com/r/cscareerquestions/comments/w6lpha/why_do_companies_hire_interns_instead_of_a/,self.cscareerquestions,/r/cscareerquestions/comments/w6lpha/why_do_companies_hire_interns_instead_of_a/,w6lpha,cscareerquestions,07-24-2022
100,'Software developer ageism',Is there such thing as software developers who only write unit/integration tests?,24,30,https://www.reddit.com/r/cscareerquestions/comments/x0rpm2/is_there_such_thing_as_software_developers_who/,self.cscareerquestions,/r/cscareerquestions/comments/x0rpm2/is_there_such_thing_as_software_developers_who/,x0rpm2,cscareerquestions,08-29-2022
